,Date,Close
0,2017-01-03,14.465999603271484
1,2017-01-04,15.13266658782959
2,2017-01-05,15.116666793823242
3,2017-01-06,15.267333030700684
4,2017-01-09,15.41866683959961
5,2017-01-10,15.324666976928711
6,2017-01-11,15.315333366394043
7,2017-01-12,15.305999755859375
8,2017-01-13,15.850000381469727
9,2017-01-17,15.70533275604248
10,2017-01-18,15.890666961669922
11,2017-01-19,16.250667572021484
12,2017-01-20,16.315332412719727
13,2017-01-23,16.594667434692383
14,2017-01-24,16.974000930786133
15,2017-01-25,16.96466636657715
16,2017-01-26,16.833999633789062
17,2017-01-27,16.863332748413086
18,2017-01-30,16.708667755126953
19,2017-01-31,16.795333862304688
20,2017-02-01,16.615999221801758
21,2017-02-02,16.770000457763672
22,2017-02-03,16.755332946777344
23,2017-02-06,17.184667587280273
24,2017-02-07,17.165332794189453
25,2017-02-08,17.472000122070312
26,2017-02-09,17.946666717529297
27,2017-02-10,17.948667526245117
28,2017-02-13,18.706666946411133
29,2017-02-14,18.73200035095215
30,2017-02-15,18.650667190551758
31,2017-02-16,17.93000030517578
32,2017-02-17,18.148666381835938
33,2017-02-21,18.492666244506836
34,2017-02-22,18.233999252319336
35,2017-02-23,17.06599998474121
36,2017-02-24,17.133333206176758
37,2017-02-27,16.415332794189453
38,2017-02-28,16.666000366210938
39,2017-03-01,16.667999267578125
40,2017-03-02,16.698667526245117
41,2017-03-03,16.771333694458008
42,2017-03-06,16.747333526611328
43,2017-03-07,16.57266616821289
44,2017-03-08,16.45800018310547
45,2017-03-09,16.32666778564453
46,2017-03-10,16.246000289916992
47,2017-03-13,16.411333084106445
48,2017-03-14,17.200000762939453
49,2017-03-15,17.048667907714844
50,2017-03-16,17.469999313354492
51,2017-03-17,17.433332443237305
52,2017-03-20,17.461332321166992
53,2017-03-21,16.711999893188477
54,2017-03-22,17.000667572021484
55,2017-03-23,16.985332489013672
56,2017-03-24,17.54400062561035
57,2017-03-27,18.014667510986328
58,2017-03-28,18.496667861938477
59,2017-03-29,18.492000579833984
60,2017-03-30,18.527999877929688
61,2017-03-31,18.553333282470703
62,2017-04-03,19.90133285522461
63,2017-04-04,20.246667861938477
64,2017-04-05,19.666667938232422
65,2017-04-06,19.913333892822266
66,2017-04-07,20.16933250427246
67,2017-04-10,20.826000213623047
68,2017-04-11,20.58066749572754
69,2017-04-12,19.78933334350586
70,2017-04-13,20.266666412353516
71,2017-04-17,20.09600067138672
72,2017-04-18,20.016666412353516
73,2017-04-19,20.368000030517578
74,2017-04-20,20.167333602905273
75,2017-04-21,20.373332977294922
76,2017-04-24,20.53533363342285
77,2017-04-25,20.91933250427246
78,2017-04-26,20.67799949645996
79,2017-04-27,20.575332641601562
80,2017-04-28,20.937999725341797
81,2017-05-01,21.52199935913086
82,2017-05-02,21.25933265686035
83,2017-05-03,20.73466682434082
84,2017-05-04,19.69733238220215
85,2017-05-05,20.55666732788086
86,2017-05-08,20.479333877563477
87,2017-05-09,21.417333602905273
88,2017-05-10,21.681333541870117
89,2017-05-11,21.540000915527344
90,2017-05-12,21.65399932861328
91,2017-05-15,21.058666229248047
92,2017-05-16,21.134000778198242
93,2017-05-17,20.407333374023438
94,2017-05-18,20.87066650390625
95,2017-05-19,20.722000122070312
96,2017-05-22,20.690000534057617
97,2017-05-23,20.257333755493164
98,2017-05-24,20.681333541870117
99,2017-05-25,21.121999740600586
100,2017-05-26,21.676000595092773
101,2017-05-30,22.34000015258789
102,2017-05-31,22.733999252319336
103,2017-06-01,22.691333770751953
104,2017-06-02,22.656667709350586
105,2017-06-05,23.154666900634766
106,2017-06-06,23.523332595825195
107,2017-06-07,23.976667404174805
108,2017-06-08,24.666667938232422
109,2017-06-09,23.821332931518555
110,2017-06-12,23.93400001525879
111,2017-06-13,25.06333351135254
112,2017-06-14,25.37733268737793
113,2017-06-15,25.022666931152344
114,2017-06-16,24.760000228881836
115,2017-06-19,24.65333366394043
116,2017-06-20,24.81599998474121
117,2017-06-21,25.093332290649414
118,2017-06-22,25.507333755493164
119,2017-06-23,25.56333351135254
120,2017-06-26,25.166000366210938
121,2017-06-27,24.158000946044922
122,2017-06-28,24.749332427978516
123,2017-06-29,24.049999237060547
124,2017-06-30,24.107332229614258
125,2017-07-03,23.507999420166016
126,2017-07-05,21.805999755859375
127,2017-07-06,20.588666915893555
128,2017-07-07,20.881332397460938
129,2017-07-10,21.06999969482422
130,2017-07-11,21.814666748046875
131,2017-07-12,21.968000411987305
132,2017-07-13,21.560667037963867
133,2017-07-14,21.851999282836914
134,2017-07-17,21.30466651916504
135,2017-07-18,21.882667541503906
136,2017-07-19,21.68400001525879
137,2017-07-20,21.994667053222656
138,2017-07-21,21.893333435058594
139,2017-07-24,22.834667205810547
140,2017-07-25,22.639999389648438
141,2017-07-26,22.92333221435547
142,2017-07-27,22.297332763671875
143,2017-07-28,22.33799934387207
144,2017-07-31,21.564666748046875
145,2017-08-01,21.30466651916504
146,2017-08-02,21.72599983215332
147,2017-08-03,23.139333724975586
148,2017-08-04,23.79400062561035
149,2017-08-07,23.67799949645996
150,2017-08-08,24.347999572753906
151,2017-08-09,24.235332489013672
152,2017-08-10,23.69333267211914
153,2017-08-11,23.857999801635742
154,2017-08-14,24.253332138061523
155,2017-08-15,24.155332565307617
156,2017-08-16,24.194000244140625
157,2017-08-17,23.461332321166992
158,2017-08-18,23.163999557495117
159,2017-08-21,22.52400016784668
160,2017-08-22,22.75666618347168
161,2017-08-23,23.51799964904785
162,2017-08-24,23.528667449951172
163,2017-08-25,23.203332901000977
164,2017-08-28,23.04400062561035
165,2017-08-29,23.157333374023438
166,2017-08-30,23.545333862304688
167,2017-08-31,23.726667404174805
168,2017-09-01,23.69333267211914
169,2017-09-05,23.305999755859375
170,2017-09-06,22.968666076660156
171,2017-09-07,23.374000549316406
172,2017-09-08,22.893333435058594
173,2017-09-11,24.246000289916992
174,2017-09-12,24.183332443237305
175,2017-09-13,24.415332794189453
176,2017-09-14,25.176000595092773
177,2017-09-15,25.320667266845703
178,2017-09-18,25.666667938232422
179,2017-09-19,25.00666618347168
180,2017-09-20,24.92733383178711
181,2017-09-21,24.43199920654297
182,2017-09-22,23.4060001373291
183,2017-09-25,22.999332427978516
184,2017-09-26,23.016666412353516
185,2017-09-27,22.731332778930664
186,2017-09-28,22.639999389648438
187,2017-09-29,22.739999771118164
188,2017-10-02,22.768667221069336
189,2017-10-03,23.209333419799805
190,2017-10-04,23.667333602905273
191,2017-10-05,23.68866729736328
192,2017-10-06,23.79199981689453
193,2017-10-09,22.862667083740234
194,2017-10-10,23.70599937438965
195,2017-10-11,23.639999389648438
196,2017-10-12,23.711999893188477
197,2017-10-13,23.704666137695312
198,2017-10-16,23.373332977294922
199,2017-10-17,23.71666717529297
200,2017-10-18,23.976667404174805
201,2017-10-19,23.45400047302246
202,2017-10-20,23.00666618347168
203,2017-10-23,22.468000411987305
204,2017-10-24,22.48933219909668
205,2017-10-25,21.722667694091797
206,2017-10-26,21.744667053222656
207,2017-10-27,21.391332626342773
208,2017-10-30,21.338666915893555
209,2017-10-31,22.101999282836914
210,2017-11-01,21.405332565307617
211,2017-11-02,19.950666427612305
212,2017-11-03,20.4060001373291
213,2017-11-06,20.185333251953125
214,2017-11-07,20.40333366394043
215,2017-11-08,20.292667388916016
216,2017-11-09,20.19933319091797
217,2017-11-10,20.19933319091797
218,2017-11-13,21.02666664123535
219,2017-11-14,20.579999923706055
220,2017-11-15,20.753332138061523
221,2017-11-16,20.833332061767578
222,2017-11-17,21.003332138061523
223,2017-11-20,20.582666397094727
224,2017-11-21,21.187332153320312
225,2017-11-22,20.84000015258789
226,2017-11-24,21.036666870117188
227,2017-11-27,21.12066650390625
228,2017-11-28,21.170000076293945
229,2017-11-29,20.502666473388672
230,2017-11-30,20.59000015258789
231,2017-12-01,20.435333251953125
232,2017-12-04,20.34666633605957
233,2017-12-05,20.246667861938477
234,2017-12-06,20.884000778198242
235,2017-12-07,20.749332427978516
236,2017-12-08,21.0086669921875
237,2017-12-11,21.92733383178711
238,2017-12-12,22.735332489013672
239,2017-12-13,22.601999282836914
240,2017-12-14,22.525999069213867
241,2017-12-15,22.89666748046875
242,2017-12-18,22.591333389282227
243,2017-12-19,22.073333740234375
244,2017-12-20,21.93199920654297
245,2017-12-21,22.110666275024414
246,2017-12-22,21.68000030517578
247,2017-12-26,21.152666091918945
248,2017-12-27,20.775999069213867
249,2017-12-28,21.02400016784668
250,2017-12-29,20.75666618347168
251,2018-01-02,21.368667602539062
252,2018-01-03,21.149999618530273
253,2018-01-04,20.974666595458984
254,2018-01-05,21.10533332824707
255,2018-01-08,22.42733383178711
256,2018-01-09,22.246000289916992
257,2018-01-10,22.31999969482422
258,2018-01-11,22.530000686645508
259,2018-01-12,22.4146671295166
260,2018-01-16,22.67066764831543
261,2018-01-17,23.143999099731445
262,2018-01-18,22.971332550048828
263,2018-01-19,23.334667205810547
264,2018-01-22,23.437332153320312
265,2018-01-23,23.519332885742188
266,2018-01-24,23.05933380126953
267,2018-01-25,22.50933265686035
268,2018-01-26,22.856666564941406
269,2018-01-29,23.302000045776367
270,2018-01-30,23.05466651916504
271,2018-01-31,23.62066650390625
272,2018-02-01,23.28333282470703
273,2018-02-02,22.916667938232422
274,2018-02-05,22.208667755126953
275,2018-02-06,22.264667510986328
276,2018-02-07,23.0
277,2018-02-08,21.01533317565918
278,2018-02-09,20.69466781616211
279,2018-02-12,21.048667907714844
280,2018-02-13,21.577333450317383
281,2018-02-14,21.487333297729492
282,2018-02-15,22.271333694458008
283,2018-02-16,22.365999221801758
284,2018-02-20,22.31800079345703
285,2018-02-21,22.219999313354492
286,2018-02-22,23.077999114990234
287,2018-02-23,23.469999313354492
288,2018-02-26,23.827999114990234
289,2018-02-27,23.39933204650879
290,2018-02-28,22.87066650390625
291,2018-03-01,22.062000274658203
292,2018-03-02,22.341333389282227
293,2018-03-05,22.22333335876465
294,2018-03-06,21.8799991607666
295,2018-03-07,22.15333366394043
296,2018-03-08,21.940000534057617
297,2018-03-09,21.81133270263672
298,2018-03-12,23.034000396728516
299,2018-03-13,22.78933334350586
300,2018-03-14,21.775333404541016
301,2018-03-15,21.706666946411133
302,2018-03-16,21.42333221435547
303,2018-03-19,20.90399932861328
304,2018-03-20,20.703332901000977
305,2018-03-21,21.101999282836914
306,2018-03-22,20.606666564941406
307,2018-03-23,20.1026668548584
308,2018-03-26,20.278667449951172
309,2018-03-27,18.61199951171875
310,2018-03-28,17.185333251953125
311,2018-03-29,17.742000579833984
312,2018-04-02,16.832000732421875
313,2018-04-03,17.8353328704834
314,2018-04-04,19.12933349609375
315,2018-04-05,20.381332397460938
316,2018-04-06,19.953332901000977
317,2018-04-09,19.310667037963867
318,2018-04-10,20.31333351135254
319,2018-04-11,20.062000274658203
320,2018-04-12,19.60533332824707
321,2018-04-13,20.022666931152344
322,2018-04-16,19.413999557495117
323,2018-04-17,19.179332733154297
324,2018-04-18,19.55666732788086
325,2018-04-19,20.005332946777344
326,2018-04-20,19.349332809448242
327,2018-04-23,18.891332626342773
328,2018-04-24,18.8973331451416
329,2018-04-25,18.71266746520996
330,2018-04-26,19.031999588012695
331,2018-04-27,19.60533332824707
332,2018-04-30,19.593332290649414
333,2018-05-01,19.994667053222656
334,2018-05-02,20.07666778564453
335,2018-05-03,18.963333129882812
336,2018-05-04,19.606000900268555
337,2018-05-07,20.184667587280273
338,2018-05-08,20.131332397460938
339,2018-05-09,20.456666946411133
340,2018-05-10,20.334667205810547
341,2018-05-11,20.070667266845703
342,2018-05-14,19.46466636657715
343,2018-05-15,18.94533348083496
344,2018-05-16,19.09866714477539
345,2018-05-17,18.96933364868164
346,2018-05-18,18.454666137695312
347,2018-05-21,18.965999603271484
348,2018-05-22,18.333999633789062
349,2018-05-23,18.60466766357422
350,2018-05-24,18.523332595825195
351,2018-05-25,18.59000015258789
352,2018-05-29,18.917333602905273
353,2018-05-30,19.447999954223633
354,2018-05-31,18.98200035095215
355,2018-06-01,19.454666137695312
356,2018-06-04,19.78266716003418
357,2018-06-05,19.408666610717773
358,2018-06-06,21.299999237060547
359,2018-06-07,21.07266616821289
360,2018-06-08,21.17733383178711
361,2018-06-11,22.139999389648438
362,2018-06-12,22.851333618164062
363,2018-06-13,22.985332489013672
364,2018-06-14,23.847999572753906
365,2018-06-15,23.878000259399414
366,2018-06-18,24.722000122070312
367,2018-06-19,23.503332138061523
368,2018-06-20,24.148000717163086
369,2018-06-21,23.167333602905273
370,2018-06-22,22.242000579833984
371,2018-06-25,22.200666427612305
372,2018-06-26,22.799999237060547
373,2018-06-27,22.96666717529297
374,2018-06-28,23.32866668701172
375,2018-06-29,22.863332748413086
376,2018-07-02,22.33799934387207
377,2018-07-03,20.724000930786133
378,2018-07-05,20.610666275024414
379,2018-07-06,20.593332290649414
380,2018-07-09,21.233999252319336
381,2018-07-10,21.49799919128418
382,2018-07-11,21.263999938964844
383,2018-07-12,21.11400032043457
384,2018-07-13,21.257999420166016
385,2018-07-16,20.67333221435547
386,2018-07-17,21.512666702270508
387,2018-07-18,21.59000015258789
388,2018-07-19,21.34866714477539
389,2018-07-20,20.905332565307617
390,2018-07-23,20.213333129882812
391,2018-07-24,19.82866668701172
392,2018-07-25,20.582666397094727
393,2018-07-26,20.44333267211914
394,2018-07-27,19.812000274658203
395,2018-07-30,19.344667434692383
396,2018-07-31,19.875999450683594
397,2018-08-01,20.055999755859375
398,2018-08-02,23.30266761779785
399,2018-08-03,23.211332321166992
400,2018-08-06,22.799333572387695
401,2018-08-07,25.30466651916504
402,2018-08-08,24.689332962036133
403,2018-08-09,23.496667861938477
404,2018-08-10,23.69933319091797
405,2018-08-13,23.76066780090332
406,2018-08-14,23.176000595092773
407,2018-08-15,22.57933235168457
408,2018-08-16,22.363332748413086
409,2018-08-17,20.366666793823242
410,2018-08-20,20.562667846679688
411,2018-08-21,21.459999084472656
412,2018-08-22,21.44266700744629
413,2018-08-23,21.34000015258789
414,2018-08-24,21.521333694458008
415,2018-08-27,21.284666061401367
416,2018-08-28,20.790666580200195
417,2018-08-29,20.333999633789062
418,2018-08-30,20.209999084472656
419,2018-08-31,20.110666275024414
420,2018-09-04,19.26333236694336
421,2018-09-05,18.715999603271484
422,2018-09-06,18.729999542236328
423,2018-09-07,17.549333572387695
424,2018-09-10,19.03333282470703
425,2018-09-11,18.62933349609375
426,2018-09-12,19.369333267211914
427,2018-09-13,19.297332763671875
428,2018-09-14,19.68000030517578
429,2018-09-17,19.6560001373291
430,2018-09-18,18.997333526611328
431,2018-09-19,19.934667587280273
432,2018-09-20,19.8886661529541
433,2018-09-21,19.940000534057617
434,2018-09-24,19.978666305541992
435,2018-09-25,20.06599998474121
436,2018-09-26,20.6386661529541
437,2018-09-27,20.501333236694336
438,2018-09-28,17.65133285522461
439,2018-10-01,20.713333129882812
440,2018-10-02,20.06800079345703
441,2018-10-03,19.65333366394043
442,2018-10-04,18.788667678833008
443,2018-10-05,17.463333129882812
444,2018-10-08,16.70400047302246
445,2018-10-09,17.520000457763672
446,2018-10-10,17.125333786010742
447,2018-10-11,16.815332412719727
448,2018-10-12,17.25200080871582
449,2018-10-15,17.305999755859375
450,2018-10-16,18.439332962036133
451,2018-10-17,18.118667602539062
452,2018-10-18,17.5939998626709
453,2018-10-19,17.333332061767578
454,2018-10-22,17.39666748046875
455,2018-10-23,19.609333038330078
456,2018-10-24,19.233333587646484
457,2018-10-25,20.99066734313965
458,2018-10-26,22.059999465942383
459,2018-10-29,22.323333740234375
460,2018-10-30,21.99333381652832
461,2018-10-31,22.488000869750977
462,2018-11-01,22.95199966430664
463,2018-11-02,23.0939998626709
464,2018-11-05,22.760000228881836
465,2018-11-06,22.737333297729492
466,2018-11-07,23.21066665649414
467,2018-11-08,23.426666259765625
468,2018-11-09,23.367332458496094
469,2018-11-12,22.0853328704834
470,2018-11-13,22.582000732421875
471,2018-11-14,22.933332443237305
472,2018-11-15,23.229333877563477
473,2018-11-16,23.62066650390625
474,2018-11-19,23.564666748046875
475,2018-11-20,23.166000366210938
476,2018-11-21,22.54599952697754
477,2018-11-23,21.722000122070312
478,2018-11-26,23.066667556762695
479,2018-11-27,22.92799949645996
480,2018-11-28,23.191333770751953
481,2018-11-29,22.744667053222656
482,2018-11-30,23.365333557128906
483,2018-12-03,23.89933204650879
484,2018-12-04,23.979999542236328
485,2018-12-06,24.20400047302246
486,2018-12-07,23.864667892456055
487,2018-12-10,24.343332290649414
488,2018-12-11,24.450666427612305
489,2018-12-12,24.440000534057617
490,2018-12-13,25.119333267211914
491,2018-12-14,24.380666732788086
492,2018-12-17,23.22800064086914
493,2018-12-18,22.468666076660156
494,2018-12-19,22.197999954223633
495,2018-12-20,21.025333404541016
496,2018-12-21,21.31800079345703
497,2018-12-24,19.69266700744629
498,2018-12-26,21.73933219909668
499,2018-12-27,21.075332641601562
500,2018-12-28,22.257999420166016
501,2018-12-31,22.18666648864746
502,2019-01-02,20.674667358398438
503,2019-01-03,20.02400016784668
504,2019-01-04,21.179332733154297
505,2019-01-07,22.33066749572754
506,2019-01-08,22.356666564941406
507,2019-01-09,22.568666458129883
508,2019-01-10,22.99799919128418
509,2019-01-11,23.150667190551758
510,2019-01-14,22.293333053588867
511,2019-01-15,22.961999893188477
512,2019-01-16,23.06999969482422
513,2019-01-17,23.15399932861328
514,2019-01-18,20.150667190551758
515,2019-01-22,19.92799949645996
516,2019-01-23,19.172666549682617
517,2019-01-24,19.43400001525879
518,2019-01-25,19.80266761779785
519,2019-01-28,19.7586669921875
520,2019-01-29,19.83066749572754
521,2019-01-30,20.584667205810547
522,2019-01-31,20.468000411987305
523,2019-02-01,20.81399917602539
524,2019-02-04,20.859333038330078
525,2019-02-05,21.42333221435547
526,2019-02-06,21.148000717163086
527,2019-02-07,20.500667572021484
528,2019-02-08,20.386667251586914
529,2019-02-11,20.856000900268555
530,2019-02-12,20.78733253479004
531,2019-02-13,20.544666290283203
532,2019-02-14,20.251333236694336
533,2019-02-15,20.525333404541016
534,2019-02-19,20.375999450683594
535,2019-02-20,20.17066764831543
536,2019-02-21,19.415332794189453
537,2019-02-22,19.6473331451416
538,2019-02-25,19.917999267578125
539,2019-02-26,19.857332229614258
540,2019-02-27,20.982667922973633
541,2019-02-28,21.325332641601562
542,2019-03-01,19.652666091918945
543,2019-03-04,19.02400016784668
544,2019-03-05,18.43600082397461
545,2019-03-06,18.416000366210938
546,2019-03-07,18.439332962036133
547,2019-03-08,18.94266700744629
548,2019-03-11,19.39466667175293
549,2019-03-12,18.890666961669922
550,2019-03-13,19.263999938964844
551,2019-03-14,19.33066749572754
552,2019-03-15,18.36199951171875
553,2019-03-18,17.965999603271484
554,2019-03-19,17.83133316040039
555,2019-03-20,18.239999771118164
556,2019-03-21,18.26799964904785
557,2019-03-22,17.635332107543945
558,2019-03-25,17.3613338470459
559,2019-03-26,17.851333618164062
560,2019-03-27,18.32200050354004
561,2019-03-28,18.57466697692871
562,2019-03-29,18.657333374023438
563,2019-04-01,19.278667449951172
564,2019-04-02,19.058666229248047
565,2019-04-03,19.45400047302246
566,2019-04-04,17.851999282836914
567,2019-04-05,18.33066749572754
568,2019-04-08,18.213333129882812
569,2019-04-09,18.15399932861328
570,2019-04-10,18.40399932861328
571,2019-04-11,17.89466667175293
572,2019-04-12,17.84666633605957
573,2019-04-15,17.7586669921875
574,2019-04-16,18.224000930786133
575,2019-04-17,18.082000732421875
576,2019-04-18,18.21733283996582
577,2019-04-22,17.516666412353516
578,2019-04-23,17.593332290649414
579,2019-04-24,17.243999481201172
580,2019-04-25,16.5086669921875
581,2019-04-26,15.675999641418457
582,2019-04-29,16.097999572753906
583,2019-04-30,15.912667274475098
584,2019-05-01,15.600666999816895
585,2019-05-02,16.273332595825195
586,2019-05-03,17.00200080871582
587,2019-05-06,17.022666931152344
588,2019-05-07,16.470666885375977
589,2019-05-08,16.32266616821289
590,2019-05-09,16.131999969482422
591,2019-05-10,15.968000411987305
592,2019-05-13,15.133999824523926
593,2019-05-14,15.487333297729492
594,2019-05-15,15.463333129882812
595,2019-05-16,15.222000122070312
596,2019-05-17,14.0686674118042
597,2019-05-20,13.690667152404785
598,2019-05-21,13.67199993133545
599,2019-05-22,12.84866714477539
600,2019-05-23,13.03266716003418
601,2019-05-24,12.708666801452637
602,2019-05-28,12.579999923706055
603,2019-05-29,12.657333374023438
604,2019-05-30,12.54800033569336
605,2019-05-31,12.343999862670898
606,2019-06-03,11.9313325881958
607,2019-06-04,12.90666675567627
608,2019-06-05,13.105999946594238
609,2019-06-06,13.729999542236328
610,2019-06-07,13.633333206176758
611,2019-06-10,14.192000389099121
612,2019-06-11,14.473333358764648
613,2019-06-12,13.950667381286621
614,2019-06-13,14.260666847229004
615,2019-06-14,14.32800006866455
616,2019-06-17,15.001999855041504
617,2019-06-18,14.982666969299316
618,2019-06-19,15.095333099365234
619,2019-06-20,14.641332626342773
620,2019-06-21,14.790666580200195
621,2019-06-24,14.909333229064941
622,2019-06-25,14.650667190551758
623,2019-06-26,14.618000030517578
624,2019-06-27,14.855999946594238
625,2019-06-28,14.897333145141602
626,2019-07-01,15.14466667175293
627,2019-07-02,14.970000267028809
628,2019-07-03,15.65999984741211
629,2019-07-05,15.539999961853027
630,2019-07-08,15.355999946594238
631,2019-07-09,15.337332725524902
632,2019-07-10,15.928000450134277
633,2019-07-11,15.90666675567627
634,2019-07-12,16.338666915893555
635,2019-07-15,16.899999618530273
636,2019-07-16,16.825332641601562
637,2019-07-17,16.99066734313965
638,2019-07-18,16.902666091918945
639,2019-07-19,17.211999893188477
640,2019-07-22,17.045333862304688
641,2019-07-23,17.344667434692383
642,2019-07-24,17.658666610717773
643,2019-07-25,15.254667282104492
644,2019-07-26,15.202667236328125
645,2019-07-29,15.718000411987305
646,2019-07-30,16.150667190551758
647,2019-07-31,16.107332229614258
648,2019-08-01,15.59000015258789
649,2019-08-02,15.62266731262207
650,2019-08-05,15.221332550048828
651,2019-08-06,15.383333206176758
652,2019-08-07,15.561332702636719
653,2019-08-08,15.886667251586914
654,2019-08-09,15.667332649230957
655,2019-08-12,15.267333030700684
656,2019-08-13,15.666666984558105
657,2019-08-14,14.641332626342773
658,2019-08-15,14.37600040435791
659,2019-08-16,14.662667274475098
660,2019-08-19,15.121999740600586
661,2019-08-20,15.057332992553711
662,2019-08-21,14.722000122070312
663,2019-08-22,14.8100004196167
664,2019-08-23,14.09333324432373
665,2019-08-26,14.333333015441895
666,2019-08-27,14.272000312805176
667,2019-08-28,14.37266731262207
668,2019-08-29,14.780667304992676
669,2019-08-30,15.040666580200195
670,2019-09-03,15.000666618347168
671,2019-09-04,14.711999893188477
672,2019-09-05,15.305333137512207
673,2019-09-06,15.16333293914795
674,2019-09-09,15.452667236328125
675,2019-09-10,15.702667236328125
676,2019-09-11,16.47333335876465
677,2019-09-12,16.391332626342773
678,2019-09-13,16.34666633605957
679,2019-09-16,16.187332153320312
680,2019-09-17,16.319332122802734
681,2019-09-18,16.232667922973633
682,2019-09-19,16.440000534057617
683,2019-09-20,16.041332244873047
684,2019-09-23,16.082000732421875
685,2019-09-24,14.880666732788086
686,2019-09-25,15.24666690826416
687,2019-09-26,16.17066764831543
688,2019-09-27,16.142000198364258
689,2019-09-30,16.058000564575195
690,2019-10-01,16.312667846679688
691,2019-10-02,16.208667755126953
692,2019-10-03,15.535332679748535
693,2019-10-04,15.428667068481445
694,2019-10-07,15.847999572753906
695,2019-10-08,16.003332138061523
696,2019-10-09,16.302000045776367
697,2019-10-10,16.31599998474121
698,2019-10-11,16.525999069213867
699,2019-10-14,17.130666732788086
700,2019-10-15,17.19266700744629
701,2019-10-16,17.316667556762695
702,2019-10-17,17.46466636657715
703,2019-10-18,17.1299991607666
704,2019-10-21,16.899999618530273
705,2019-10-22,17.038667678833008
706,2019-10-23,16.978666305541992
707,2019-10-24,19.978666305541992
708,2019-10-25,21.875333786010742
709,2019-10-28,21.847333908081055
710,2019-10-29,21.08133316040039
711,2019-10-30,21.000667572021484
712,2019-10-31,20.994667053222656
713,2019-11-01,20.887332916259766
714,2019-11-04,21.1646671295166
715,2019-11-05,21.148000717163086
716,2019-11-06,21.77199935913086
717,2019-11-07,22.369333267211914
718,2019-11-08,22.47599983215332
719,2019-11-11,23.006000518798828
720,2019-11-12,23.32866668701172
721,2019-11-13,23.073999404907227
722,2019-11-14,23.290000915527344
723,2019-11-15,23.47800064086914
724,2019-11-18,23.332666397094727
725,2019-11-19,23.968000411987305
726,2019-11-20,23.481332778930664
727,2019-11-21,23.655332565307617
728,2019-11-22,22.202667236328125
729,2019-11-25,22.422666549682617
730,2019-11-26,21.92799949645996
731,2019-11-27,22.086000442504883
732,2019-11-29,21.996000289916992
733,2019-12-02,22.32466697692871
734,2019-12-03,22.413333892822266
735,2019-12-04,22.20199966430664
736,2019-12-05,22.024667739868164
737,2019-12-06,22.392667770385742
738,2019-12-09,22.635332107543945
739,2019-12-10,23.256000518798828
740,2019-12-11,23.51333236694336
741,2019-12-12,23.978666305541992
742,2019-12-13,23.892667770385742
743,2019-12-16,25.433332443237305
744,2019-12-17,25.266000747680664
745,2019-12-18,26.209999084472656
746,2019-12-19,26.93600082397461
747,2019-12-20,27.03933334350586
748,2019-12-23,27.947999954223633
749,2019-12-24,28.350000381469727
750,2019-12-26,28.729333877563477
751,2019-12-27,28.691999435424805
752,2019-12-30,27.64666748046875
753,2019-12-31,27.8886661529541
754,2020-01-02,28.68400001525879
755,2020-01-03,29.534000396728516
756,2020-01-06,30.1026668548584
757,2020-01-07,31.270666122436523
758,2020-01-08,32.80933380126953
759,2020-01-09,32.089332580566406
760,2020-01-10,31.876667022705078
761,2020-01-13,34.990665435791016
762,2020-01-14,35.861331939697266
763,2020-01-15,34.56666564941406
764,2020-01-16,34.232666015625
765,2020-01-17,34.03333282470703
766,2020-01-21,36.47999954223633
767,2020-01-22,37.97066879272461
768,2020-01-23,38.14666748046875
769,2020-01-24,37.654666900634766
770,2020-01-27,37.201332092285156
771,2020-01-28,37.793331146240234
772,2020-01-29,38.732666015625
773,2020-01-30,42.72066879272461
774,2020-01-31,43.371334075927734
775,2020-02-03,52.0
776,2020-02-04,59.137332916259766
777,2020-02-05,48.97999954223633
778,2020-02-06,49.930667877197266
779,2020-02-07,49.871334075927734
780,2020-02-10,51.41866683959961
781,2020-02-11,51.62533187866211
782,2020-02-12,51.15266799926758
783,2020-02-13,53.599998474121094
784,2020-02-14,53.33533477783203
785,2020-02-18,57.22666549682617
786,2020-02-19,61.16133117675781
787,2020-02-20,59.96066665649414
788,2020-02-21,60.06666564941406
789,2020-02-24,55.58599853515625
790,2020-02-25,53.32733154296875
791,2020-02-26,51.91999816894531
792,2020-02-27,45.266666412353516
793,2020-02-28,44.53266525268555
794,2020-03-02,49.574668884277344
795,2020-03-03,49.70066833496094
796,2020-03-04,49.96666717529297
797,2020-03-05,48.30266571044922
798,2020-03-06,46.89866638183594
799,2020-03-09,40.53333282470703
800,2020-03-10,43.02199935913086
801,2020-03-11,42.28200149536133
802,2020-03-12,37.369998931884766
803,2020-03-13,36.44133377075195
804,2020-03-16,29.67133331298828
805,2020-03-17,28.68000030517578
806,2020-03-18,24.08133316040039
807,2020-03-19,28.50933265686035
808,2020-03-20,28.50200080871582
809,2020-03-23,28.952667236328125
810,2020-03-24,33.66666793823242
811,2020-03-25,35.95000076293945
812,2020-03-26,35.21066665649414
813,2020-03-27,34.29066848754883
814,2020-03-30,33.47533416748047
815,2020-03-31,34.93333435058594
816,2020-04-01,32.104000091552734
817,2020-04-02,30.29800033569336
818,2020-04-03,32.000667572021484
819,2020-04-06,34.41600036621094
820,2020-04-07,36.36333465576172
821,2020-04-08,36.589332580566406
822,2020-04-09,38.20000076293945
823,2020-04-13,43.39666748046875
824,2020-04-14,47.32600021362305
825,2020-04-15,48.65533447265625
826,2020-04-16,49.680667877197266
827,2020-04-17,50.259334564208984
828,2020-04-20,49.75733184814453
829,2020-04-21,45.781333923339844
830,2020-04-22,48.807334899902344
831,2020-04-23,47.04199981689453
832,2020-04-24,48.34333419799805
833,2020-04-27,53.25
834,2020-04-28,51.27466583251953
835,2020-04-29,53.367332458496094
836,2020-04-30,52.12533187866211
837,2020-05-01,46.75466537475586
838,2020-05-04,50.74599838256836
839,2020-05-05,51.2140007019043
840,2020-05-06,52.172000885009766
841,2020-05-07,52.00266647338867
842,2020-05-08,54.62799835205078
843,2020-05-11,54.08599853515625
844,2020-05-12,53.96066665649414
845,2020-05-13,52.73066711425781
846,2020-05-14,53.55533218383789
847,2020-05-15,53.27799987792969
848,2020-05-18,54.242000579833984
849,2020-05-19,53.867332458496094
850,2020-05-20,54.37066650390625
851,2020-05-21,55.17333221435547
852,2020-05-22,54.45866775512695
853,2020-05-26,54.591331481933594
854,2020-05-27,54.68199920654297
855,2020-05-28,53.72066879272461
856,2020-05-29,55.66666793823242
857,2020-06-01,59.87333297729492
858,2020-06-02,58.770668029785156
859,2020-06-03,58.86399841308594
860,2020-06-04,57.62533187866211
861,2020-06-05,59.04399871826172
862,2020-06-08,63.327999114990234
863,2020-06-09,62.711334228515625
864,2020-06-10,68.336669921875
865,2020-06-11,64.85600280761719
866,2020-06-12,62.35200119018555
867,2020-06-15,66.05999755859375
868,2020-06-16,65.47533416748047
869,2020-06-17,66.11933135986328
870,2020-06-18,66.9306640625
871,2020-06-19,66.72666931152344
872,2020-06-22,66.28800201416016
873,2020-06-23,66.78533172607422
874,2020-06-24,64.0566635131836
875,2020-06-25,65.73200225830078
876,2020-06-26,63.982666015625
877,2020-06-29,67.29000091552734
878,2020-06-30,71.98733520507812
879,2020-07-01,74.64199829101562
880,2020-07-02,80.57733154296875
881,2020-07-06,91.43866729736328
882,2020-07-07,92.65733337402344
883,2020-07-08,91.05867004394531
884,2020-07-09,92.9520034790039
885,2020-07-10,102.97666931152344
886,2020-07-13,99.80400085449219
887,2020-07-14,101.12000274658203
888,2020-07-15,103.06732940673828
889,2020-07-16,100.04266357421875
890,2020-07-17,100.05599975585938
891,2020-07-20,109.53333282470703
892,2020-07-21,104.55733489990234
893,2020-07-22,106.15533447265625
894,2020-07-23,100.87133026123047
895,2020-07-24,94.46666717529297
896,2020-07-27,102.63999938964844
897,2020-07-28,98.43267059326172
898,2020-07-29,99.94066619873047
899,2020-07-30,99.16600036621094
900,2020-07-31,95.38400268554688
901,2020-08-03,99.0
902,2020-08-04,99.13333129882812
903,2020-08-05,99.00133514404297
904,2020-08-06,99.30533599853516
905,2020-08-07,96.84733581542969
906,2020-08-10,94.57133483886719
907,2020-08-11,91.6259994506836
908,2020-08-12,103.65066528320312
909,2020-08-13,108.06666564941406
910,2020-08-14,110.04733276367188
911,2020-08-17,122.3759994506836
912,2020-08-18,125.80599975585938
913,2020-08-19,125.23533630371094
914,2020-08-20,133.45533752441406
915,2020-08-21,136.6653289794922
916,2020-08-24,134.27999877929688
917,2020-08-25,134.8893280029297
918,2020-08-26,143.54466247558594
919,2020-08-27,149.25
920,2020-08-28,147.55999755859375
921,2020-08-31,166.10667419433594
922,2020-09-01,158.35000610351562
923,2020-09-02,149.1233367919922
924,2020-09-03,135.6666717529297
925,2020-09-04,139.44000244140625
926,2020-09-08,110.06999969482422
927,2020-09-09,122.09333038330078
928,2020-09-10,123.77999877929688
929,2020-09-11,124.23999786376953
930,2020-09-14,139.8733367919922
931,2020-09-15,149.9199981689453
932,2020-09-16,147.25332641601562
933,2020-09-17,141.14332580566406
934,2020-09-18,147.38333129882812
935,2020-09-21,149.79666137695312
936,2020-09-22,141.41000366210938
937,2020-09-23,126.78666687011719
938,2020-09-24,129.26333618164062
939,2020-09-25,135.77999877929688
940,2020-09-28,140.39999389648438
941,2020-09-29,139.69000244140625
942,2020-09-30,143.00332641601562
943,2020-10-01,149.3866729736328
944,2020-10-02,138.3633270263672
945,2020-10-05,141.89332580566406
946,2020-10-06,137.9933319091797
947,2020-10-07,141.76666259765625
948,2020-10-08,141.97332763671875
949,2020-10-09,144.6666717529297
950,2020-10-12,147.43333435058594
951,2020-10-13,148.88333129882812
952,2020-10-14,153.76666259765625
953,2020-10-15,149.6266632080078
954,2020-10-16,146.55667114257812
955,2020-10-19,143.61000061035156
956,2020-10-20,140.64666748046875
957,2020-10-21,140.8800048828125
958,2020-10-22,141.92999267578125
959,2020-10-23,140.2100067138672
960,2020-10-26,140.0933380126953
961,2020-10-27,141.55999755859375
962,2020-10-28,135.33999633789062
963,2020-10-29,136.94332885742188
964,2020-10-30,129.34666442871094
965,2020-11-02,133.50332641601562
966,2020-11-03,141.3000030517578
967,2020-11-04,140.32666015625
968,2020-11-05,146.02999877929688
969,2020-11-06,143.31666564941406
970,2020-11-09,140.4199981689453
971,2020-11-10,136.7866668701172
972,2020-11-11,139.0433349609375
973,2020-11-12,137.25332641601562
974,2020-11-13,136.1666717529297
975,2020-11-16,136.02999877929688
976,2020-11-17,147.20333862304688
977,2020-11-18,162.2133331298828
978,2020-11-19,166.42333984375
979,2020-11-20,163.20333862304688
980,2020-11-23,173.9499969482422
981,2020-11-24,185.1266632080078
982,2020-11-25,191.3333282470703
983,2020-11-27,195.25332641601562
984,2020-11-30,189.1999969482422
985,2020-12-01,194.9199981689453
986,2020-12-02,189.60667419433594
987,2020-12-03,197.7933349609375
988,2020-12-04,199.67999267578125
989,2020-12-07,213.9199981689453
990,2020-12-08,216.6266632080078
991,2020-12-09,201.4933319091797
992,2020-12-10,209.02333068847656
993,2020-12-11,203.3300018310547
994,2020-12-14,213.27667236328125
995,2020-12-15,211.0833282470703
996,2020-12-16,207.58999633789062
997,2020-12-17,218.63333129882812
998,2020-12-18,231.6666717529297
999,2020-12-21,216.6199951171875
1000,2020-12-22,213.44667053222656
1001,2020-12-23,215.32666015625
1002,2020-12-24,220.58999633789062
1003,2020-12-28,221.22999572753906
1004,2020-12-29,221.99667358398438
1005,2020-12-30,231.5933380126953
1006,2020-12-31,235.22332763671875
1007,2021-01-04,243.2566680908203
1008,2021-01-05,245.0366668701172
1009,2021-01-06,251.9933319091797
1010,2021-01-07,272.0133361816406
1011,2021-01-08,293.3399963378906
1012,2021-01-11,270.39666748046875
1013,2021-01-12,283.14666748046875
1014,2021-01-13,284.8033447265625
1015,2021-01-14,281.6666564941406
1016,2021-01-15,275.38665771484375
1017,2021-01-19,281.51666259765625
1018,2021-01-20,283.48333740234375
1019,2021-01-21,281.663330078125
1020,2021-01-22,282.21331787109375
1021,2021-01-25,293.6000061035156
1022,2021-01-26,294.36334228515625
1023,2021-01-27,288.0533447265625
1024,2021-01-28,278.4766540527344
1025,2021-01-29,264.510009765625
1026,2021-02-01,279.9366760253906
1027,2021-02-02,290.92999267578125
1028,2021-02-03,284.89666748046875
1029,2021-02-04,283.3299865722656
1030,2021-02-05,284.07666015625
1031,2021-02-08,287.8066711425781
1032,2021-02-09,283.1533203125
1033,2021-02-10,268.2733459472656
1034,2021-02-11,270.5533447265625
1035,2021-02-12,272.0400085449219
1036,2021-02-16,265.40667724609375
1037,2021-02-17,266.04998779296875
1038,2021-02-18,262.4599914550781
1039,2021-02-19,260.4333190917969
1040,2021-02-22,238.1666717529297
1041,2021-02-23,232.94667053222656
1042,2021-02-24,247.33999633789062
1043,2021-02-25,227.4066619873047
1044,2021-02-26,225.1666717529297
1045,2021-03-01,239.47666931152344
1046,2021-03-02,228.81333923339844
1047,2021-03-03,217.73333740234375
1048,2021-03-04,207.14666748046875
1049,2021-03-05,199.31666564941406
1050,2021-03-08,187.6666717529297
1051,2021-03-09,224.52667236328125
1052,2021-03-10,222.68666076660156
1053,2021-03-11,233.1999969482422
1054,2021-03-12,231.2433319091797
1055,2021-03-15,235.97999572753906
1056,2021-03-16,225.6266632080078
1057,2021-03-17,233.93666076660156
1058,2021-03-18,217.72000122070312
1059,2021-03-19,218.2899932861328
1060,2021-03-22,223.3333282470703
1061,2021-03-23,220.72000122070312
1062,2021-03-24,210.08999633789062
1063,2021-03-25,213.4633331298828
1064,2021-03-26,206.23666381835938
1065,2021-03-29,203.76333618164062
1066,2021-03-30,211.8733367919922
1067,2021-03-31,222.64332580566406
1068,2021-04-01,220.5833282470703
1069,2021-04-05,230.35000610351562
1070,2021-04-06,230.5399932861328
1071,2021-04-07,223.6566619873047
1072,2021-04-08,227.93333435058594
1073,2021-04-09,225.67333984375
1074,2021-04-12,233.9933319091797
1075,2021-04-13,254.10667419433594
1076,2021-04-14,244.07666015625
1077,2021-04-15,246.28334045410156
1078,2021-04-16,246.5933380126953
1079,2021-04-19,238.2100067138672
1080,2021-04-20,239.663330078125
1081,2021-04-21,248.0399932861328
1082,2021-04-22,239.89666748046875
1083,2021-04-23,243.13333129882812
1084,2021-04-26,246.06666564941406
1085,2021-04-27,234.913330078125
1086,2021-04-28,231.46665954589844
1087,2021-04-29,225.6666717529297
1088,2021-04-30,236.47999572753906
1089,2021-05-03,228.3000030517578
1090,2021-05-04,224.53334045410156
1091,2021-05-05,223.64666748046875
1092,2021-05-06,221.17999267578125
1093,2021-05-07,224.1233367919922
1094,2021-05-10,209.67999267578125
1095,2021-05-11,205.73333740234375
1096,2021-05-12,196.6300048828125
1097,2021-05-13,190.56333923339844
1098,2021-05-14,196.5800018310547
1099,2021-05-17,192.27667236328125
1100,2021-05-18,192.6233367919922
1101,2021-05-19,187.82000732421875
1102,2021-05-20,195.5933380126953
1103,2021-05-21,193.6266632080078
1104,2021-05-24,202.14666748046875
1105,2021-05-25,201.56333923339844
1106,2021-05-26,206.3766632080078
1107,2021-05-27,210.28334045410156
1108,2021-05-28,208.4066619873047
1109,2021-06-01,207.96665954589844
1110,2021-06-02,201.7066650390625
1111,2021-06-03,190.94667053222656
1112,2021-06-04,199.68333435058594
1113,2021-06-07,201.7100067138672
1114,2021-06-08,201.19667053222656
1115,2021-06-09,199.5933380126953
1116,2021-06-10,203.3733367919922
1117,2021-06-11,203.29666137695312
1118,2021-06-14,205.89666748046875
1119,2021-06-15,199.7866668701172
1120,2021-06-16,201.6233367919922
1121,2021-06-17,205.53334045410156
1122,2021-06-18,207.77000427246094
1123,2021-06-21,206.94332885742188
1124,2021-06-22,207.90333557128906
1125,2021-06-23,218.85667419433594
1126,2021-06-24,226.60667419433594
1127,2021-06-25,223.9566650390625
1128,2021-06-28,229.57333374023438
1129,2021-06-29,226.9199981689453
1130,2021-06-30,226.56666564941406
1131,2021-07-01,225.97332763671875
1132,2021-07-02,226.3000030517578
1133,2021-07-06,219.86000061035156
1134,2021-07-07,214.88333129882812
1135,2021-07-08,217.60333251953125
1136,2021-07-09,218.98333740234375
1137,2021-07-12,228.56666564941406
1138,2021-07-13,222.84666442871094
1139,2021-07-14,217.7933349609375
1140,2021-07-15,216.86666870117188
1141,2021-07-16,214.74000549316406
1142,2021-07-19,215.4066619873047
1143,2021-07-20,220.1666717529297
1144,2021-07-21,218.42999267578125
1145,2021-07-22,216.4199981689453
1146,2021-07-23,214.4600067138672
1147,2021-07-26,219.2066650390625
1148,2021-07-27,214.92666625976562
1149,2021-07-28,215.66000366210938
1150,2021-07-29,225.78334045410156
1151,2021-07-30,229.06666564941406
1152,2021-08-02,236.55667114257812
1153,2021-08-03,236.5800018310547
1154,2021-08-04,236.97332763671875
1155,2021-08-05,238.2100067138672
1156,2021-08-06,233.03334045410156
1157,2021-08-09,237.9199981689453
1158,2021-08-10,236.663330078125
1159,2021-08-11,235.94000244140625
1160,2021-08-12,240.75
1161,2021-08-13,239.05667114257812
1162,2021-08-16,228.72332763671875
1163,2021-08-17,221.90333557128906
1164,2021-08-18,229.663330078125
1165,2021-08-19,224.49000549316406
1166,2021-08-20,226.75332641601562
1167,2021-08-23,235.43333435058594
1168,2021-08-24,236.163330078125
1169,2021-08-25,237.06666564941406
1170,2021-08-26,233.72000122070312
1171,2021-08-27,237.30667114257812
1172,2021-08-30,243.6366729736328
1173,2021-08-31,245.24000549316406
1174,2021-09-01,244.69667053222656
1175,2021-09-02,244.1300048828125
1176,2021-09-03,244.52333068847656
1177,2021-09-07,250.97332763671875
1178,2021-09-08,251.2899932861328
1179,2021-09-09,251.6199951171875
1180,2021-09-10,245.42333984375
1181,2021-09-13,247.6666717529297
1182,2021-09-14,248.163330078125
1183,2021-09-15,251.94332885742188
1184,2021-09-16,252.3300018310547
1185,2021-09-17,253.163330078125
1186,2021-09-20,243.38999938964844
1187,2021-09-21,246.4600067138672
1188,2021-09-22,250.64666748046875
1189,2021-09-23,251.2133331298828
1190,2021-09-24,258.1300048828125
1191,2021-09-27,263.78668212890625
1192,2021-09-28,259.1866760253906
1193,2021-09-29,260.4366760253906
1194,2021-09-30,258.49334716796875
1195,2021-10-01,258.40667724609375
1196,2021-10-04,260.510009765625
1197,2021-10-05,260.1966552734375
1198,2021-10-06,260.9166564941406
1199,2021-10-07,264.53668212890625
1200,2021-10-08,261.8299865722656
1201,2021-10-11,263.9800109863281
1202,2021-10-12,268.5733337402344
1203,2021-10-13,270.3599853515625
1204,2021-10-14,272.7733459472656
1205,2021-10-15,281.010009765625
1206,2021-10-18,290.03668212890625
1207,2021-10-19,288.0899963378906
1208,2021-10-20,288.6000061035156
1209,2021-10-21,298.0
1210,2021-10-22,303.2266540527344
1211,2021-10-25,341.6199951171875
1212,2021-10-26,339.4766540527344
1213,2021-10-27,345.9533386230469
1214,2021-10-28,359.0133361816406
1215,2021-10-29,371.3333435058594
1216,2021-11-01,402.86334228515625
1217,2021-11-02,390.6666564941406
1218,2021-11-03,404.6199951171875
1219,2021-11-04,409.9700012207031
1220,2021-11-05,407.36334228515625
1221,2021-11-08,387.64666748046875
1222,2021-11-09,341.1666564941406
1223,2021-11-10,355.98333740234375
1224,2021-11-11,354.5033264160156
1225,2021-11-12,344.47332763671875
1226,2021-11-15,337.7966613769531
1227,2021-11-16,351.57666015625
1228,2021-11-17,363.0033264160156
1229,2021-11-18,365.4599914550781
1230,2021-11-19,379.0199890136719
1231,2021-11-22,385.6233215332031
1232,2021-11-23,369.6766662597656
1233,2021-11-24,372.0
1234,2021-11-26,360.6400146484375
1235,2021-11-29,378.9966735839844
1236,2021-11-30,381.586669921875
1237,2021-12-01,365.0
1238,2021-12-02,361.5333251953125
1239,2021-12-03,338.3233337402344
1240,2021-12-06,336.336669921875
1241,2021-12-07,350.5833435058594
1242,2021-12-08,356.32000732421875
1243,2021-12-09,334.6000061035156
1244,2021-12-10,339.010009765625
1245,2021-12-13,322.13665771484375
1246,2021-12-14,319.5033264160156
1247,2021-12-15,325.3299865722656
1248,2021-12-16,308.97332763671875
1249,2021-12-17,310.8566589355469
1250,2021-12-20,299.9800109863281
1251,2021-12-21,312.84332275390625
1252,2021-12-22,336.2900085449219
1253,2021-12-23,355.6666564941406
1254,2021-12-27,364.64666748046875
1255,2021-12-28,362.8233337402344
1256,2021-12-29,362.0633239746094
1257,2021-12-30,356.7799987792969
1258,2021-12-31,352.260009765625
1259,2022-01-03,399.9266662597656
1260,2022-01-04,383.1966552734375
1261,2022-01-05,362.7066650390625
1262,2022-01-06,354.8999938964844
1263,2022-01-07,342.32000732421875
1264,2022-01-10,352.7066650390625
1265,2022-01-11,354.79998779296875
1266,2022-01-12,368.739990234375
1267,2022-01-13,343.85333251953125
1268,2022-01-14,349.8699951171875
1269,2022-01-18,343.5033264160156
1270,2022-01-19,331.8833312988281
1271,2022-01-20,332.0899963378906
1272,2022-01-21,314.6333312988281
1273,2022-01-24,310.0
1274,2022-01-25,306.1333312988281
1275,2022-01-26,312.4700012207031
1276,2022-01-27,276.3666687011719
1277,2022-01-28,282.1166687011719
1278,2022-01-31,312.239990234375
1279,2022-02-01,310.4166564941406
1280,2022-02-02,301.88665771484375
1281,2022-02-03,297.0466613769531
1282,2022-02-04,307.7733459472656
1283,2022-02-07,302.4466552734375
1284,2022-02-08,307.3333435058594
1285,2022-02-09,310.6666564941406
1286,2022-02-10,301.51666259765625
1287,2022-02-11,286.6666564941406
1288,2022-02-14,291.9200134277344
1289,2022-02-15,307.4766540527344
1290,2022-02-16,307.7966613769531
1291,2022-02-17,292.1166687011719
1292,2022-02-18,285.6600036621094
1293,2022-02-22,273.84332275390625
1294,2022-02-23,254.67999267578125
1295,2022-02-24,266.92333984375
1296,2022-02-25,269.9566650390625
1297,2022-02-28,290.1433410644531
1298,2022-03-01,288.1233215332031
1299,2022-03-02,293.2966613769531
1300,2022-03-03,279.7633361816406
1301,2022-03-04,279.42999267578125
1302,2022-03-07,268.1933288574219
1303,2022-03-08,274.79998779296875
1304,2022-03-09,286.3233337402344
1305,2022-03-10,279.4333190917969
1306,2022-03-11,265.1166687011719
1307,2022-03-14,255.4566650390625
1308,2022-03-15,267.2966613769531
1309,2022-03-16,280.07666015625
1310,2022-03-17,290.5333251953125
1311,2022-03-18,301.7966613769531
1312,2022-03-21,307.0533447265625
1313,2022-03-22,331.32666015625
1314,2022-03-23,333.03668212890625
1315,2022-03-24,337.97332763671875
1316,2022-03-25,336.8800048828125
1317,2022-03-28,363.9466552734375
1318,2022-03-29,366.5233459472656
1319,2022-03-30,364.663330078125
1320,2022-03-31,359.20001220703125
1321,2022-04-01,361.5299987792969
1322,2022-04-04,381.8166809082031
1323,2022-04-05,363.7533264160156
1324,2022-04-06,348.586669921875
1325,2022-04-07,352.4200134277344
1326,2022-04-08,341.8299865722656
1327,2022-04-11,325.30999755859375
1328,2022-04-12,328.98333740234375
1329,2022-04-13,340.7900085449219
1330,2022-04-14,328.3333435058594
1331,2022-04-18,334.7633361816406
1332,2022-04-19,342.7166748046875
1333,2022-04-20,325.73333740234375
1334,2022-04-21,336.260009765625
1335,2022-04-22,335.01666259765625
1336,2022-04-25,332.67333984375
1337,2022-04-26,292.1400146484375
1338,2022-04-27,293.836669921875
1339,2022-04-28,292.5033264160156
1340,2022-04-29,290.2533264160156
1341,2022-05-02,300.9800109863281
1342,2022-05-03,303.0833435058594
1343,2022-05-04,317.5400085449219
1344,2022-05-05,291.09332275390625
1345,2022-05-06,288.54998779296875
1346,2022-05-09,262.3699951171875
1347,2022-05-10,266.67999267578125
1348,2022-05-11,244.6666717529297
1349,2022-05-12,242.6666717529297
1350,2022-05-13,256.5299987792969
1351,2022-05-16,241.4566650390625
1352,2022-05-17,253.8699951171875
1353,2022-05-18,236.60333251953125
1354,2022-05-19,236.47332763671875
1355,2022-05-20,221.3000030517578
1356,2022-05-23,224.96665954589844
1357,2022-05-24,209.3866729736328
1358,2022-05-25,219.60000610351562
1359,2022-05-26,235.91000366210938
1360,2022-05-27,253.2100067138672
1361,2022-05-31,252.75332641601562
1362,2022-06-01,246.7899932861328
1363,2022-06-02,258.3333435058594
1364,2022-06-03,234.51666259765625
1365,2022-06-06,238.27999877929688
1366,2022-06-07,238.8866729736328
1367,2022-06-08,241.86666870117188
1368,2022-06-09,239.7066650390625
1369,2022-06-10,232.22999572753906
1370,2022-06-13,215.73666381835938
1371,2022-06-14,220.88999938964844
1372,2022-06-15,233.0
1373,2022-06-16,213.10000610351562
1374,2022-06-17,216.75999450683594
1375,2022-06-21,237.0366668701172
1376,2022-06-22,236.086669921875
1377,2022-06-23,235.07000732421875
1378,2022-06-24,245.7066650390625
1379,2022-06-27,244.9199981689453
1380,2022-06-28,232.663330078125
1381,2022-06-29,228.49000549316406
1382,2022-06-30,224.47332763671875
1383,2022-07-01,227.26333618164062
1384,2022-07-05,233.06666564941406
1385,2022-07-06,231.73333740234375
1386,2022-07-07,244.5433349609375
1387,2022-07-08,250.76333618164062
1388,2022-07-11,234.3433380126953
1389,2022-07-12,233.07000732421875
1390,2022-07-13,237.0399932861328
1391,2022-07-14,238.31333923339844
1392,2022-07-15,240.06666564941406
1393,2022-07-18,240.54666137695312
1394,2022-07-19,245.52999877929688
1395,2022-07-20,247.5
1396,2022-07-21,271.7066650390625
1397,2022-07-22,272.24334716796875
1398,2022-07-25,268.4333190917969
1399,2022-07-26,258.8599853515625
1400,2022-07-27,274.82000732421875
1401,2022-07-28,280.8999938964844
1402,2022-07-29,297.1499938964844
1403,2022-08-01,297.27667236328125
1404,2022-08-02,300.586669921875
1405,2022-08-03,307.39666748046875
1406,2022-08-04,308.6333312988281
1407,2022-08-05,288.1700134277344
1408,2022-08-08,290.42333984375
1409,2022-08-09,283.3333435058594
1410,2022-08-10,294.3566589355469
1411,2022-08-11,286.6300048828125
1412,2022-08-12,300.0299987792969
1413,2022-08-15,309.32000732421875
1414,2022-08-16,306.5633239746094
1415,2022-08-17,303.9966735839844
1416,2022-08-18,302.8699951171875
1417,2022-08-19,296.6666564941406
1418,2022-08-22,289.913330078125
1419,2022-08-23,296.4533386230469
1420,2022-08-24,297.0966796875
1421,2022-08-25,296.07000732421875
1422,2022-08-26,288.0899963378906
1423,2022-08-29,284.82000732421875
1424,2022-08-30,277.70001220703125
1425,2022-08-31,275.6099853515625
1426,2022-09-01,277.1600036621094
1427,2022-09-02,270.2099914550781
1428,2022-09-06,274.4200134277344
1429,2022-09-07,283.70001220703125
1430,2022-09-08,289.260009765625
1431,2022-09-09,299.67999267578125
1432,2022-09-12,304.4200134277344
1433,2022-09-13,292.1300048828125
1434,2022-09-14,302.6099853515625
1435,2022-09-15,303.75
1436,2022-09-16,303.3500061035156
1437,2022-09-19,309.07000732421875
1438,2022-09-20,308.7300109863281
1439,2022-09-21,300.79998779296875
1440,2022-09-22,288.5899963378906
1441,2022-09-23,275.3299865722656
1442,2022-09-26,276.010009765625
1443,2022-09-27,282.94000244140625
1444,2022-09-28,287.80999755859375
1445,2022-09-29,268.2099914550781
1446,2022-09-30,265.25
1447,2022-10-03,242.39999389648438
1448,2022-10-04,249.44000244140625
1449,2022-10-05,240.80999755859375
1450,2022-10-06,238.1300048828125
1451,2022-10-07,223.07000732421875
1452,2022-10-10,222.9600067138672
1453,2022-10-11,216.5
1454,2022-10-12,217.24000549316406
1455,2022-10-13,221.72000122070312
1456,2022-10-14,204.99000549316406
1457,2022-10-17,219.35000610351562
1458,2022-10-18,220.19000244140625
1459,2022-10-19,222.0399932861328
1460,2022-10-20,207.27999877929688
1461,2022-10-21,214.44000244140625
1462,2022-10-24,211.25
1463,2022-10-25,222.4199981689453
1464,2022-10-26,224.63999938964844
1465,2022-10-27,225.08999633789062
1466,2022-10-28,228.52000427246094
1467,2022-10-31,227.5399932861328
1468,2022-11-01,227.82000732421875
1469,2022-11-02,214.97999572753906
1470,2022-11-03,215.30999755859375
1471,2022-11-04,207.47000122070312
1472,2022-11-07,197.0800018310547
1473,2022-11-08,191.3000030517578
1474,2022-11-09,177.58999633789062
1475,2022-11-10,190.72000122070312
1476,2022-11-11,195.97000122070312
1477,2022-11-14,190.9499969482422
1478,2022-11-15,194.4199981689453
1479,2022-11-16,186.9199981689453
1480,2022-11-17,183.1699981689453
1481,2022-11-18,180.19000244140625
1482,2022-11-21,167.8699951171875
1483,2022-11-22,169.91000366210938
1484,2022-11-23,183.1999969482422
1485,2022-11-25,182.86000061035156
1486,2022-11-28,182.9199981689453
1487,2022-11-29,180.8300018310547
1488,2022-11-30,194.6999969482422
1489,2022-12-01,194.6999969482422
1490,2022-12-02,194.86000061035156
1491,2022-12-05,182.4499969482422
1492,2022-12-06,179.82000732421875
1493,2022-12-07,174.0399932861328
1494,2022-12-08,173.44000244140625
1495,2022-12-09,179.0500030517578
1496,2022-12-12,167.82000732421875
1497,2022-12-13,160.9499969482422
1498,2022-12-14,156.8000030517578
1499,2022-12-15,157.6699981689453
1500,2022-12-16,150.22999572753906
1501,2022-12-19,149.8699951171875
1502,2022-12-20,137.8000030517578
1503,2022-12-21,137.57000732421875
1504,2022-12-22,125.3499984741211
1505,2022-12-23,123.1500015258789
1506,2022-12-27,109.0999984741211
1507,2022-12-28,112.70999908447266
1508,2022-12-29,121.81999969482422
1509,2022-12-30,123.18000030517578
1510,2023-01-03,108.0999984741211
1511,2023-01-04,113.63999938964844
1512,2023-01-05,110.33999633789062
1513,2023-01-06,113.05999755859375
1514,2023-01-09,119.7699966430664
1515,2023-01-10,118.8499984741211
1516,2023-01-11,123.22000122070312
1517,2023-01-12,123.55999755859375
1518,2023-01-13,122.4000015258789
1519,2023-01-17,131.49000549316406
1520,2023-01-18,128.77999877929688
1521,2023-01-19,127.16999816894531
1522,2023-01-20,133.4199981689453
1523,2023-01-23,143.75
1524,2023-01-24,143.88999938964844
1525,2023-01-25,144.42999267578125
1526,2023-01-26,160.27000427246094
1527,2023-01-27,177.89999389648438
1528,2023-01-30,166.66000366210938
1529,2023-01-31,173.22000122070312
1530,2023-02-01,181.41000366210938
1531,2023-02-02,188.27000427246094
1532,2023-02-03,189.97999572753906
1533,2023-02-06,194.75999450683594
1534,2023-02-07,196.80999755859375
1535,2023-02-08,201.2899932861328
1536,2023-02-09,207.32000732421875
1537,2023-02-10,196.88999938964844
1538,2023-02-13,194.63999938964844
1539,2023-02-14,209.25
1540,2023-02-15,214.24000549316406
1541,2023-02-16,202.0399932861328
1542,2023-02-17,208.30999755859375
1543,2023-02-21,197.3699951171875
1544,2023-02-22,200.86000061035156
1545,2023-02-23,202.07000732421875
1546,2023-02-24,196.8800048828125
1547,2023-02-27,207.6300048828125
1548,2023-02-28,205.7100067138672
1549,2023-03-01,202.77000427246094
1550,2023-03-02,190.89999389648438
1551,2023-03-03,197.7899932861328
1552,2023-03-06,193.80999755859375
1553,2023-03-07,187.7100067138672
1554,2023-03-08,182.0
1555,2023-03-09,172.9199981689453
1556,2023-03-10,173.44000244140625
1557,2023-03-13,174.47999572753906
1558,2023-03-14,183.25999450683594
1559,2023-03-15,180.4499969482422
1560,2023-03-16,184.1300048828125
1561,2023-03-17,180.1300048828125
1562,2023-03-20,183.25
1563,2023-03-21,197.5800018310547
1564,2023-03-22,191.14999389648438
1565,2023-03-23,192.22000122070312
1566,2023-03-24,190.41000366210938
1567,2023-03-27,191.80999755859375
1568,2023-03-28,189.19000244140625
1569,2023-03-29,193.8800048828125
1570,2023-03-30,195.27999877929688
1571,2023-03-31,207.4600067138672
1572,2023-04-03,194.77000427246094
1573,2023-04-04,192.5800018310547
1574,2023-04-05,185.52000427246094
1575,2023-04-06,185.05999755859375
1576,2023-04-10,184.50999450683594
1577,2023-04-11,186.7899932861328
1578,2023-04-12,180.5399932861328
1579,2023-04-13,185.89999389648438
1580,2023-04-14,185.0
1581,2023-04-17,187.0399932861328
1582,2023-04-18,184.30999755859375
1583,2023-04-19,180.58999633789062
1584,2023-04-20,162.99000549316406
1585,2023-04-21,165.0800018310547
1586,2023-04-24,162.5500030517578
1587,2023-04-25,160.6699981689453
1588,2023-04-26,153.75
1589,2023-04-27,160.19000244140625
1590,2023-04-28,164.30999755859375
1591,2023-05-01,161.8300018310547
1592,2023-05-02,160.30999755859375
1593,2023-05-03,160.61000061035156
1594,2023-05-04,161.1999969482422
1595,2023-05-05,170.05999755859375
1596,2023-05-08,171.7899932861328
1597,2023-05-09,169.14999389648438
1598,2023-05-10,168.5399932861328
1599,2023-05-11,172.0800018310547
1600,2023-05-12,167.97999572753906
1601,2023-05-15,166.35000610351562
1602,2023-05-16,166.52000427246094
1603,2023-05-17,173.86000061035156
1604,2023-05-18,176.88999938964844
1605,2023-05-19,180.13999938964844
1606,2023-05-22,188.8699951171875
1607,2023-05-23,185.77000427246094
1608,2023-05-24,182.89999389648438
1609,2023-05-25,184.47000122070312
1610,2023-05-26,193.1699981689453
1611,2023-05-30,201.16000366210938
1612,2023-05-31,203.92999267578125
1613,2023-06-01,207.52000427246094
1614,2023-06-02,213.97000122070312
1615,2023-06-05,217.61000061035156
1616,2023-06-06,221.30999755859375
1617,2023-06-07,224.57000732421875
1618,2023-06-08,234.86000061035156
1619,2023-06-09,244.39999389648438
1620,2023-06-12,249.8300018310547
1621,2023-06-13,258.7099914550781
1622,2023-06-14,256.7900085449219
1623,2023-06-15,255.89999389648438
1624,2023-06-16,260.5400085449219
1625,2023-06-20,274.45001220703125
1626,2023-06-21,259.4599914550781
1627,2023-06-22,264.6099853515625
1628,2023-06-23,256.6000061035156
1629,2023-06-26,241.0500030517578
1630,2023-06-27,250.2100067138672
1631,2023-06-28,256.239990234375
1632,2023-06-29,257.5
1633,2023-06-30,261.7699890136719
1634,2023-07-03,279.82000732421875
1635,2023-07-05,282.4800109863281
1636,2023-07-06,276.5400085449219
1637,2023-07-07,274.42999267578125
1638,2023-07-10,269.6099853515625
1639,2023-07-11,269.7900085449219
1640,2023-07-12,271.989990234375
1641,2023-07-13,277.8999938964844
1642,2023-07-14,281.3800048828125
1643,2023-07-17,290.3800048828125
1644,2023-07-18,293.3399963378906
1645,2023-07-19,291.260009765625
1646,2023-07-20,262.8999938964844
1647,2023-07-21,260.0199890136719
1648,2023-07-24,269.05999755859375
1649,2023-07-25,265.2799987792969
1650,2023-07-26,264.3500061035156
1651,2023-07-27,255.7100067138672
1652,2023-07-28,266.44000244140625
1653,2023-07-31,267.42999267578125
1654,2023-08-01,261.07000732421875
1655,2023-08-02,254.11000061035156
1656,2023-08-03,259.32000732421875
1657,2023-08-04,253.86000061035156
1658,2023-08-07,251.4499969482422
1659,2023-08-08,249.6999969482422
1660,2023-08-09,242.19000244140625
1661,2023-08-10,245.33999633789062
1662,2023-08-11,242.64999389648438
1663,2023-08-14,239.75999450683594
1664,2023-08-15,232.9600067138672
1665,2023-08-16,225.60000610351562
1666,2023-08-17,219.22000122070312
1667,2023-08-18,215.49000549316406
1668,2023-08-21,231.27999877929688
1669,2023-08-22,233.19000244140625
1670,2023-08-23,236.86000061035156
1671,2023-08-24,230.0399932861328
1672,2023-08-25,238.58999633789062
1673,2023-08-28,238.82000732421875
1674,2023-08-29,257.17999267578125
1675,2023-08-30,256.8999938964844
1676,2023-08-31,258.0799865722656
1677,2023-09-01,245.00999450683594
1678,2023-09-05,256.489990234375
1679,2023-09-06,251.9199981689453
1680,2023-09-07,251.49000549316406
1681,2023-09-08,248.5
1682,2023-09-11,273.5799865722656
1683,2023-09-12,267.4800109863281
1684,2023-09-13,271.29998779296875
1685,2023-09-14,276.0400085449219
1686,2023-09-15,274.3900146484375
1687,2023-09-18,265.2799987792969
1688,2023-09-19,266.5
1689,2023-09-20,262.5899963378906
1690,2023-09-21,255.6999969482422
1691,2023-09-22,244.8800048828125
1692,2023-09-25,246.99000549316406
1693,2023-09-26,244.1199951171875
1694,2023-09-27,240.5
1695,2023-09-28,246.3800048828125
1696,2023-09-29,250.22000122070312
1697,2023-10-02,251.60000610351562
1698,2023-10-03,246.52999877929688
1699,2023-10-04,261.1600036621094
1700,2023-10-05,260.04998779296875
1701,2023-10-06,260.5299987792969
1702,2023-10-09,259.6700134277344
1703,2023-10-10,263.6199951171875
1704,2023-10-11,262.989990234375
1705,2023-10-12,258.8699951171875
1706,2023-10-13,251.1199951171875
1707,2023-10-16,253.9199981689453
1708,2023-10-17,254.85000610351562
1709,2023-10-18,242.67999267578125
1710,2023-10-19,220.11000061035156
1711,2023-10-20,211.99000549316406
1712,2023-10-23,212.0800018310547
1713,2023-10-24,216.52000427246094
1714,2023-10-25,212.4199981689453
1715,2023-10-26,205.75999450683594
1716,2023-10-27,207.3000030517578
1717,2023-10-30,197.36000061035156
1718,2023-10-31,200.83999633789062
1719,2023-11-01,205.66000366210938
1720,2023-11-02,218.50999450683594
1721,2023-11-03,219.9600067138672
1722,2023-11-06,219.27000427246094
1723,2023-11-07,222.17999267578125
1724,2023-11-08,222.11000061035156
1725,2023-11-09,209.97999572753906
1726,2023-11-10,214.64999389648438
1727,2023-11-13,223.7100067138672
1728,2023-11-14,237.41000366210938
1729,2023-11-15,242.83999633789062
1730,2023-11-16,233.58999633789062
1731,2023-11-17,234.3000030517578
1732,2023-11-20,235.60000610351562
1733,2023-11-21,241.1999969482422
1734,2023-11-22,234.2100067138672
1735,2023-11-24,235.4499969482422
1736,2023-11-27,236.0800018310547
1737,2023-11-28,246.72000122070312
1738,2023-11-29,244.13999938964844
1739,2023-11-30,240.0800018310547
1740,2023-12-01,238.8300018310547
1741,2023-12-04,235.5800018310547
1742,2023-12-05,238.72000122070312
1743,2023-12-06,239.3699951171875
1744,2023-12-07,242.63999938964844
1745,2023-12-08,243.83999633789062
1746,2023-12-11,239.74000549316406
1747,2023-12-12,237.00999450683594
1748,2023-12-13,239.2899932861328
1749,2023-12-14,251.0500030517578
1750,2023-12-15,253.5
1751,2023-12-18,252.0800018310547
1752,2023-12-19,257.2200012207031
1753,2023-12-20,247.13999938964844
1754,2023-12-21,254.5
1755,2023-12-22,252.5399932861328
1756,2023-12-26,256.6099853515625
1757,2023-12-27,261.44000244140625
1758,2023-12-28,253.17999267578125
1759,2023-12-29,248.47999572753906
1760,2024-01-02,248.4199981689453
1761,2024-01-03,238.4499969482422
1762,2024-01-04,237.92999267578125
1763,2024-01-05,237.49000549316406
1764,2024-01-08,240.4499969482422
1765,2024-01-09,234.9600067138672
1766,2024-01-10,233.94000244140625
1767,2024-01-11,227.22000122070312
1768,2024-01-12,218.88999938964844
1769,2024-01-16,219.91000366210938
1770,2024-01-17,215.5500030517578
1771,2024-01-18,211.8800048828125
1772,2024-01-19,212.19000244140625
1773,2024-01-22,208.8000030517578
1774,2024-01-23,209.13999938964844
1775,2024-01-24,207.8300018310547
1776,2024-01-25,182.6300048828125
1777,2024-01-26,183.25
1778,2024-01-29,190.92999267578125
1779,2024-01-30,191.58999633789062
1780,2024-01-31,187.2899932861328
1781,2024-02-01,188.86000061035156
1782,2024-02-02,187.91000366210938
1783,2024-02-05,181.05999755859375
1784,2024-02-06,185.10000610351562
1785,2024-02-07,187.5800018310547
1786,2024-02-08,189.55999755859375
1787,2024-02-09,193.57000732421875
1788,2024-02-12,188.1300048828125
1789,2024-02-13,184.02000427246094
1790,2024-02-14,188.7100067138672
1791,2024-02-15,200.4499969482422
1792,2024-02-16,199.9499969482422
1793,2024-02-20,193.75999450683594
1794,2024-02-21,194.77000427246094
1795,2024-02-22,197.41000366210938
1796,2024-02-23,191.97000122070312
1797,2024-02-26,199.39999389648438
1798,2024-02-27,199.72999572753906
1799,2024-02-28,202.0399932861328
1800,2024-02-29,201.8800048828125
1801,2024-03-01,202.63999938964844
1802,2024-03-04,188.13999938964844
1803,2024-03-05,180.74000549316406
1804,2024-03-06,176.5399932861328
1805,2024-03-07,178.64999389648438
1806,2024-03-08,175.33999633789062
1807,2024-03-11,177.77000427246094
1808,2024-03-12,177.5399932861328
1809,2024-03-13,169.47999572753906
1810,2024-03-14,162.5
1811,2024-03-15,163.57000732421875
1812,2024-03-18,173.8000030517578
1813,2024-03-19,171.32000732421875
1814,2024-03-20,175.66000366210938
1815,2024-03-21,172.82000732421875
1816,2024-03-22,170.8300018310547
1817,2024-03-25,172.6300048828125
1818,2024-03-26,177.6699981689453
1819,2024-03-27,179.8300018310547
1820,2024-03-28,175.7899932861328
1821,2024-04-01,175.22000122070312
1822,2024-04-02,166.6300048828125
1823,2024-04-03,168.3800048828125
1824,2024-04-04,171.11000061035156
1825,2024-04-05,164.89999389648438
1826,2024-04-08,172.97999572753906
1827,2024-04-09,176.8800048828125
1828,2024-04-10,171.75999450683594
1829,2024-04-11,174.60000610351562
1830,2024-04-12,171.0500030517578
1831,2024-04-15,161.47999572753906
1832,2024-04-16,157.11000061035156
1833,2024-04-17,155.4499969482422
1834,2024-04-18,149.92999267578125
1835,2024-04-19,147.0500030517578
1836,2024-04-22,142.0500030517578
1837,2024-04-23,144.67999267578125
1838,2024-04-24,162.1300048828125
1839,2024-04-25,170.17999267578125
1840,2024-04-26,168.2899932861328
1841,2024-04-29,194.0500030517578
1842,2024-04-30,183.27999877929688
1843,2024-05-01,179.99000549316406
1844,2024-05-02,180.00999450683594
1845,2024-05-03,181.19000244140625
1846,2024-05-06,184.75999450683594
1847,2024-05-07,177.80999755859375
1848,2024-05-08,174.72000122070312
1849,2024-05-09,171.97000122070312
1850,2024-05-10,168.47000122070312
1851,2024-05-13,171.88999938964844
1852,2024-05-14,177.5500030517578
1853,2024-05-15,173.99000549316406
1854,2024-05-16,174.83999633789062
1855,2024-05-17,177.4600067138672
1856,2024-05-20,174.9499969482422
1857,2024-05-21,186.60000610351562
1858,2024-05-22,180.11000061035156
1859,2024-05-23,173.74000549316406
1860,2024-05-24,179.24000549316406
1861,2024-05-28,176.75
1862,2024-05-29,176.19000244140625
1863,2024-05-30,178.7899932861328
1864,2024-05-31,178.0800018310547
1865,2024-06-03,176.2899932861328
1866,2024-06-04,174.77000427246094
1867,2024-06-05,175.0
1868,2024-06-06,177.94000244140625
1869,2024-06-07,177.47999572753906
1870,2024-06-10,173.7899932861328
1871,2024-06-11,170.66000366210938
1872,2024-06-12,177.2899932861328
1873,2024-06-13,182.47000122070312
1874,2024-06-14,178.00999450683594
1875,2024-06-17,187.44000244140625
1876,2024-06-18,184.86000061035156
1877,2024-06-20,181.57000732421875
1878,2024-06-21,183.00999450683594
1879,2024-06-24,182.5800018310547
1880,2024-06-25,187.35000610351562
1881,2024-06-26,196.3699951171875
1882,2024-06-27,197.4199981689453
1883,2024-06-28,197.8800048828125
1884,2024-07-01,209.86000061035156
1885,2024-07-02,231.25999450683594
1886,2024-07-03,246.38999938964844
1887,2024-07-05,251.52000427246094
1888,2024-07-08,252.94000244140625
1889,2024-07-09,262.3299865722656
1890,2024-07-10,263.260009765625
1891,2024-07-11,241.02999877929688
1892,2024-07-12,248.22999572753906
1893,2024-07-15,252.63999938964844
1894,2024-07-16,256.55999755859375
1895,2024-07-17,248.5
1896,2024-07-18,249.22999572753906
1897,2024-07-19,239.1999969482422
1898,2024-07-22,251.50999450683594
1899,2024-07-23,246.3800048828125
1900,2024-07-24,215.99000549316406
1901,2024-07-25,220.25
1902,2024-07-26,219.8000030517578
1903,2024-07-29,232.10000610351562
1904,2024-07-30,222.6199951171875
1905,2024-07-31,232.07000732421875
1906,2024-08-01,216.86000061035156
1907,2024-08-02,207.6699981689453
1908,2024-08-05,198.8800048828125
1909,2024-08-06,200.63999938964844
1910,2024-08-07,191.75999450683594
1911,2024-08-08,198.83999633789062
1912,2024-08-09,200.0
1913,2024-08-12,197.49000549316406
1914,2024-08-13,207.8300018310547
1915,2024-08-14,201.3800048828125
1916,2024-08-15,214.13999938964844
1917,2024-08-16,216.1199951171875
1918,2024-08-19,222.72000122070312
1919,2024-08-20,221.10000610351562
1920,2024-08-21,223.27000427246094
1921,2024-08-22,210.66000366210938
1922,2024-08-23,220.32000732421875
1923,2024-08-26,213.2100067138672
1924,2024-08-27,209.2100067138672
1925,2024-08-28,205.75
1926,2024-08-29,206.27999877929688
1927,2024-08-30,214.11000061035156
1928,2024-09-03,210.60000610351562
1929,2024-09-04,219.41000366210938
1930,2024-09-05,230.1699981689453
1931,2024-09-06,210.72999572753906
1932,2024-09-09,216.27000427246094
1933,2024-09-10,226.1699981689453
1934,2024-09-11,228.1300048828125
1935,2024-09-12,229.80999755859375
1936,2024-09-13,230.2899932861328
1937,2024-09-16,226.77999877929688
1938,2024-09-17,227.8699951171875
1939,2024-09-18,227.1999969482422
1940,2024-09-19,243.9199981689453
1941,2024-09-20,238.25
1942,2024-09-23,250.0
1943,2024-09-24,254.27000427246094
1944,2024-09-25,257.0199890136719
1945,2024-09-26,254.22000122070312
1946,2024-09-27,260.4599914550781
1947,2024-09-30,261.6300048828125
1948,2024-10-01,258.0199890136719
1949,2024-10-02,249.02000427246094
1950,2024-10-03,240.66000366210938
1951,2024-10-04,250.0800018310547
1952,2024-10-07,240.8300018310547
1953,2024-10-08,244.5
1954,2024-10-09,241.0500030517578
1955,2024-10-10,238.77000427246094
1956,2024-10-11,217.8000030517578
1957,2024-10-14,219.16000366210938
1958,2024-10-15,219.57000732421875
1959,2024-10-16,221.3300018310547
1960,2024-10-17,220.88999938964844
1961,2024-10-18,220.6999969482422
1962,2024-10-21,218.85000610351562
1963,2024-10-22,217.97000122070312
1964,2024-10-23,213.64999389648438
1965,2024-10-24,260.4800109863281
1966,2024-10-25,269.19000244140625
1967,2024-10-28,262.510009765625
1968,2024-10-29,259.5199890136719
1969,2024-10-30,257.54998779296875
1970,2024-10-31,249.85000610351562
1971,2024-11-01,248.97999572753906
1972,2024-11-04,242.83999633789062
1973,2024-11-05,251.44000244140625
1974,2024-11-06,288.5299987792969
1975,2024-11-07,296.9100036621094
1976,2024-11-08,321.2200012207031
1977,2024-11-11,350.0
1978,2024-11-12,328.489990234375
1979,2024-11-13,330.239990234375
1980,2024-11-14,311.17999267578125
1981,2024-11-15,320.7200012207031
1982,2024-11-18,338.739990234375
1983,2024-11-19,346.0
1984,2024-11-20,342.0299987792969
1985,2024-11-21,339.6400146484375
1986,2024-11-22,352.55999755859375
1987,2024-11-25,338.5899963378906
1988,2024-11-26,338.2300109863281
1989,2024-11-27,332.8900146484375
1990,2024-11-29,345.1600036621094
1991,2024-12-02,357.0899963378906
1992,2024-12-03,351.4200134277344
1993,2024-12-04,357.92999267578125
1994,2024-12-05,369.489990234375
1995,2024-12-06,389.2200012207031
1996,2024-12-09,389.7900085449219
1997,2024-12-10,400.989990234375
1998,2024-12-11,424.7699890136719
1999,2024-12-12,418.1000061035156
2000,2024-12-13,436.2300109863281
2001,2024-12-16,463.0199890136719
2002,2024-12-17,479.8599853515625
2003,2024-12-18,440.1300048828125
2004,2024-12-19,436.1700134277344
2005,2024-12-20,421.05999755859375
2006,2024-12-23,430.6000061035156
2007,2024-12-24,462.2799987792969
2008,2024-12-26,454.1300048828125
2009,2024-12-27,431.6600036621094
2010,2024-12-30,417.4100036621094
